ts,swod_hold_cnt,swod_success_release_cnt,swod_timeout_release_cnt,swod_pressure_release_cnt,swod_held_groups,swod_skip_cnt,back,mem_available_kb,min_mem_available_kb
2026-04-08 07:32:58,0,0,0,0,0,0,,192146396,192146396
2026-04-08 07:32:59,0,0,0,0,0,0,,192145120,192145120
2026-04-08 07:33:00,0,0,0,0,0,0,,192146388,192145120
2026-04-08 07:33:01,0,0,0,0,0,0,,192147660,192145120
2026-04-08 07:33:02,0,0,0,0,0,0,,192147556,192145120
2026-04-08 07:33:03,0,0,0,0,0,0,4934524,192147448,192145120
2026-04-08 07:33:04,0,0,0,0,0,0,4839993,192145464,192145120
2026-04-08 07:33:05,0,0,0,0,0,0,4746801,192146768,192145120
2026-04-08 07:33:06,0,0,0,0,0,0,4669409,192146080,192145120
2026-04-08 07:33:07,0,0,0,0,0,0,4600883,192145900,192145120
2026-04-08 07:33:09,0,0,0,0,0,0,4539268,192148488,192145120
2026-04-08 07:33:10,0,0,0,0,0,0,4477095,192150300,192145120
2026-04-08 07:33:11,0,0,0,0,0,0,4417809,192150168,192145120
2026-04-08 07:33:12,0,0,0,0,0,0,4357853,192148852,192145120
2026-04-08 07:33:13,0,0,0,0,0,0,4303084,192149860,192145120
2026-04-08 07:33:14,0,0,0,0,0,0,4250394,192150352,192145120
2026-04-08 07:33:15,0,0,0,0,0,0,4199584,192148916,192145120
2026-04-08 07:33:16,0,0,0,0,0,0,4150423,192150480,192145120
2026-04-08 07:33:17,0,0,0,0,0,0,4102791,192148944,192145120
2026-04-08 07:33:18,0,0,0,0,0,0,4056511,192148988,192145120
2026-04-08 07:33:19,0,0,0,0,0,0,4011408,192150404,192145120
2026-04-08 07:33:20,0,0,0,0,0,0,3965045,192152444,192145120
2026-04-08 07:33:21,0,0,0,0,0,0,3922112,192151072,192145120
2026-04-08 07:33:23,0,0,0,0,0,0,3880132,192151972,192145120
2026-04-08 07:33:24,0,0,0,0,0,0,20012179,192150688,192145120
2026-04-08 07:33:25,0,0,0,0,0,0,19282110,192150908,192145120
2026-04-08 07:33:26,0,0,0,0,0,0,19177742,192150816,192145120
2026-04-08 07:33:27,0,0,0,0,0,0,19072133,192150348,192145120
2026-04-08 07:33:28,0,0,0,0,0,0,18964268,192150068,192145120
2026-04-08 07:33:29,0,0,0,0,0,0,18851423,192150016,192145120
2026-04-08 07:33:30,0,0,0,0,0,0,18738361,192149868,192145120
2026-04-08 07:33:31,0,0,0,0,0,0,18622333,192149164,192145120
2026-04-08 07:33:32,0,0,0,0,0,0,18499655,192151920,192145120
2026-04-08 07:33:33,0,0,0,0,0,0,18372710,192150768,192145120
2026-04-08 07:33:34,0,0,0,0,0,0,18251362,192150804,192145120
2026-04-08 07:33:35,0,0,0,0,0,0,18124970,192151772,192145120
2026-04-08 07:33:37,0,0,0,0,0,0,17989698,192150380,192145120
2026-04-08 07:33:38,0,0,0,0,0,0,17852272,192151304,192145120
2026-04-08 07:33:39,0,0,0,0,0,0,17706495,192150844,192145120
2026-04-08 07:33:40,0,0,0,0,0,0,17565330,192154512,192145120
2026-04-08 07:33:41,0,0,0,0,0,0,17405492,192151036,192145120
2026-04-08 07:33:42,0,0,0,0,0,0,17255482,192151096,192145120
2026-04-08 07:33:43,0,0,0,0,0,0,17095767,192151544,192145120
2026-04-08 07:33:44,0,0,0,0,0,0,16927446,192150376,192145120
2026-04-08 07:33:45,0,0,0,0,0,0,16762731,192151432,192145120
2026-04-08 07:33:46,0,0,0,0,0,0,16584130,192151728,192145120
2026-04-08 07:33:47,0,0,0,0,0,0,16377435,192150972,192145120
2026-04-08 07:33:48,0,0,0,0,0,0,16183909,192148504,192145120
2026-04-08 07:33:49,0,0,0,0,0,0,15970837,192148044,192145120
2026-04-08 07:33:50,0,0,0,0,0,0,15729535,192148376,192145120
2026-04-08 07:33:52,0,0,0,0,0,0,15499200,192147784,192145120
2026-04-08 07:33:53,0,0,0,0,0,0,15210686,192149136,192145120
2026-04-08 07:33:54,0,0,0,0,0,0,14930760,192148128,192145120
2026-04-08 07:33:55,0,0,0,0,0,0,41454571,192147340,192145120
2026-04-08 07:33:56,0,0,0,0,0,0,41332715,192146604,192145120
2026-04-08 07:33:57,0,0,0,0,0,0,41199083,192145240,192145120
2026-04-08 07:33:58,0,0,0,0,0,0,41054699,192145028,192145028
2026-04-08 07:33:59,0,0,0,0,0,0,40916459,192143704,192143704
2026-04-08 07:34:00,0,0,0,0,0,0,40746475,192144556,192143704
2026-04-08 07:34:01,0,0,0,0,0,0,40574955,192143588,192143588
2026-04-08 07:34:02,0,0,0,0,0,0,40398827,192144640,192143588
2026-04-08 07:34:03,0,0,0,0,0,0,40188395,192143224,192143224
2026-04-08 07:34:04,0,0,0,0,0,0,39954923,192144604,192143224
2026-04-08 07:34:05,0,0,0,0,0,0,39688683,192146008,192143224
2026-04-08 07:34:07,0,0,0,0,0,0,39420395,192128924,192128924
2026-04-08 07:34:08,0,0,0,0,0,0,39048171,192074116,192074116
2026-04-08 07:34:09,0,0,0,0,0,0,38575083,192145196,192074116
2026-04-08 07:34:10,0,0,0,0,0,0,37980651,192143036,192074116
2026-04-08 07:34:11,0,0,0,0,0,0,36965355,192142340,192074116
2026-04-08 07:34:12,0,0,0,0,0,0,30587236,192140944,192074116
2026-04-08 07:34:13,0,0,0,0,0,0,30486737,192141024,192074116
2026-04-08 07:34:14,0,0,0,0,0,0,30384215,192140272,192074116
2026-04-08 07:34:15,0,0,0,0,0,0,30275142,192141456,192074116
2026-04-08 07:34:16,0,0,0,0,0,0,30159720,192141848,192074116
2026-04-08 07:34:17,0,0,0,0,0,0,30047188,192142272,192074116
2026-04-08 07:34:18,0,0,0,0,0,0,29929262,192140656,192074116
2026-04-08 07:34:19,0,0,0,0,0,0,29809511,192140728,192074116
2026-04-08 07:34:21,0,0,0,0,0,0,29686531,192141116,192074116
2026-04-08 07:34:22,0,0,0,0,0,0,29561211,192140444,192074116
2026-04-08 07:34:23,0,0,0,0,0,0,29429326,192141684,192074116
2026-04-08 07:34:24,0,0,0,0,0,0,29260677,192140880,192074116
2026-04-08 07:34:25,0,0,0,0,0,0,29088138,192141312,192074116
2026-04-08 07:34:26,0,0,0,0,0,0,37459995,192144380,192074116
2026-04-08 07:34:27,0,0,0,0,0,0,37282331,192143608,192074116
2026-04-08 07:34:28,0,0,0,0,0,0,36997659,192141584,192074116
2026-04-08 07:34:29,0,0,0,0,0,0,36640795,192140280,192074116
2026-04-08 07:34:30,0,0,0,0,0,0,36042779,192139184,192074116
2026-04-08 07:34:31,0,0,0,0,0,0,35198491,192138708,192074116
2026-04-08 07:34:32,0,0,0,0,0,0,30866121,192139628,192074116
2026-04-08 07:34:33,0,0,0,0,0,0,30769320,192139792,192074116
2026-04-08 07:34:35,0,0,0,0,0,0,30668077,192141044,192074116
2026-04-08 07:34:36,0,0,0,0,0,0,30557247,192139436,192074116
2026-04-08 07:34:37,0,0,0,0,0,0,30450196,192139732,192074116
2026-04-08 07:34:38,0,0,0,0,0,0,30329513,192141264,192074116
2026-04-08 07:34:39,0,0,0,0,0,0,30220286,192140324,192074116
2026-04-08 07:34:40,0,0,0,0,0,0,30096785,192141396,192074116
2026-04-08 07:34:41,0,0,0,0,0,0,29971580,192142756,192074116
2026-04-08 07:34:42,0,0,0,0,0,0,29835258,192141972,192074116
2026-04-08 07:34:43,0,0,0,0,0,0,29688350,192138928,192074116
2026-04-08 07:34:44,0,0,0,0,0,0,29547371,192138516,192074116
2026-04-08 07:34:45,0,0,0,0,0,0,29403177,192139424,192074116
2026-04-08 07:34:46,0,0,0,0,0,0,29245169,192141528,192074116
2026-04-08 07:34:47,0,0,0,0,0,0,29080292,192140848,192074116
2026-04-08 07:34:49,0,0,0,0,0,0,28923502,192140424,192074116
2026-04-08 07:34:50,0,0,0,0,0,0,28754643,192141472,192074116
2026-04-08 07:34:51,0,0,0,0,0,0,28584953,192139120,192074116
2026-04-08 07:34:52,0,0,0,0,0,0,28376363,192139308,192074116
2026-04-08 07:34:53,0,0,0,0,0,0,28158239,192139760,192074116
2026-04-08 07:34:54,0,0,0,0,0,0,27930923,192137520,192074116
2026-04-08 07:34:55,0,0,0,0,0,0,27694445,192138708,192074116
2026-04-08 07:34:56,0,0,0,0,0,0,27415092,192138480,192074116
2026-04-08 07:34:57,0,0,0,0,0,0,39241112,192138368,192074116
2026-04-08 07:34:58,0,0,0,0,0,0,39126424,192137288,192074116
2026-04-08 07:34:59,0,0,0,0,0,0,38979992,192137208,192074116
2026-04-08 07:35:00,0,0,0,0,0,0,38841240,192137416,192074116
2026-04-08 07:35:01,0,0,0,0,0,0,38692248,192136796,192074116
2026-04-08 07:35:03,0,0,0,0,0,0,38501272,192137880,192074116
2026-04-08 07:35:04,0,0,0,0,0,0,38290328,192136204,192074116
2026-04-08 07:35:05,0,0,0,0,0,0,38069656,192136080,192074116
2026-04-08 07:35:06,0,0,0,0,0,0,37832088,192136320,192074116
2026-04-08 07:35:07,0,0,0,0,0,0,37546392,192136984,192074116
2026-04-08 07:35:08,0,0,0,0,0,0,37205912,192136584,192074116
2026-04-08 07:35:09,0,0,0,0,0,0,36694424,192135180,192074116
2026-04-08 07:35:10,0,0,0,0,0,0,35859864,192136460,192074116
2026-04-08 07:35:11,0,0,0,0,0,0,33967000,192135980,192074116
2026-04-08 07:35:12,0,0,0,0,0,0,30303834,192136608,192074116
2026-04-08 07:35:13,0,0,0,0,0,0,30195311,192128204,192074116
2026-04-08 07:35:14,0,0,0,0,0,0,30086832,192135748,192074116
2026-04-08 07:35:15,0,0,0,0,0,0,29985119,192136376,192074116
2026-04-08 07:35:16,0,0,0,0,0,0,29873833,192137532,192074116
2026-04-08 07:35:18,0,0,0,0,0,0,29763565,192136256,192074116
2026-04-08 07:35:19,0,0,0,0,0,0,29643370,192134500,192074116
2026-04-08 07:35:20,0,0,0,0,0,0,29525951,192137296,192074116
2026-04-08 07:35:21,0,0,0,0,0,0,29409747,192137924,192074116
2026-04-08 07:35:22,0,0,0,0,0,0,29290600,192138532,192074116
2026-04-08 07:35:23,0,0,0,0,0,0,29173386,192136772,192074116
2026-04-08 07:35:24,0,0,0,0,0,0,29040888,192137628,192074116
2026-04-08 07:35:25,0,0,0,0,0,0,28921116,192137920,192074116
2026-04-08 07:35:26,0,0,0,0,0,0,28797132,192128924,192074116
2026-04-08 07:35:27,0,0,0,0,0,0,28668892,192128476,192074116
2026-04-08 07:35:28,0,0,0,0,0,0,33593920,192126712,192074116
2026-04-08 07:35:29,0,0,0,0,0,0,37810457,192127248,192074116
2026-04-08 07:35:30,0,0,0,0,0,0,37379865,192128708,192074116
2026-04-08 07:35:31,0,0,0,0,0,0,36843289,192128404,192074116
2026-04-08 07:35:33,0,0,0,0,0,0,36212505,192126912,192074116
2026-04-08 07:35:34,0,0,0,0,0,0,35244313,192116388,192074116
2026-04-08 07:35:35,0,0,0,0,0,0,32278809,192115268,192074116
2026-04-08 07:35:36,0,0,0,0,0,0,31367891,192113000,192074116
2026-04-08 07:35:37,0,0,0,0,0,0,31262998,192113848,192074116
2026-04-08 07:35:38,0,0,0,0,0,0,31154174,192113056,192074116
2026-04-08 07:35:39,0,0,0,0,0,0,31043610,192110752,192074116
2026-04-08 07:35:40,0,0,0,0,0,0,30933280,192091960,192074116
2026-04-08 07:35:41,0,0,0,0,0,0,30811895,192091496,192074116
2026-04-08 07:35:42,0,0,0,0,0,0,30691856,192091528,192074116
2026-04-08 07:35:43,0,0,0,0,0,0,30564186,192086996,192074116
2026-04-08 07:35:44,0,0,0,0,0,0,30438271,192062728,192062728
2026-04-08 07:35:45,0,0,0,0,0,0,30310044,192030848,192030848
2026-04-08 07:35:47,0,0,0,0,0,0,30165758,192009468,192009468
2026-04-08 07:35:48,0,0,0,0,0,0,30026805,191983956,191983956
2026-04-08 07:35:49,0,0,0,0,0,0,29865701,191954544,191954544
2026-04-08 07:35:50,0,0,0,0,0,0,29717568,191921220,191921220
2026-04-08 07:35:51,0,0,0,0,0,0,29532134,191888988,191888988
2026-04-08 07:35:52,0,0,0,0,0,0,29349295,191867932,191867932
2026-04-08 07:35:53,0,0,0,0,0,0,29168434,191857276,191857276
2026-04-08 07:35:54,0,0,0,0,0,0,28963548,191831796,191831796
2026-04-08 07:35:55,0,0,0,0,0,0,28736059,191821604,191821604
2026-04-08 07:35:56,0,0,0,0,0,0,28501239,191799720,191799720
2026-04-08 07:35:57,0,0,0,0,0,0,28234304,191795496,191795496
2026-04-08 07:35:58,0,0,0,0,0,0,27953592,191779876,191779876
2026-04-08 07:35:59,0,0,0,0,0,0,20683267,191772708,191772708
2026-04-08 07:36:00,0,0,0,0,0,0,38938576,191770536,191770536
2026-04-08 07:36:02,0,0,0,0,0,0,38819280,191756848,191756848
2026-04-08 07:36:03,0,0,0,0,0,0,38677456,191667156,191667156
2026-04-08 07:36:04,0,0,0,0,0,0,38544336,191751772,191667156
2026-04-08 07:36:05,0,0,0,0,0,0,38390224,191752752,191667156
2026-04-08 07:36:06,0,0,0,0,0,0,38225360,191756380,191667156
2026-04-08 07:36:07,0,0,0,0,0,0,38036944,191743908,191667156
2026-04-08 07:36:08,0,0,0,0,0,0,37798352,191743540,191667156
2026-04-08 07:36:09,0,0,0,0,0,0,37523408,191743012,191667156
2026-04-08 07:36:10,0,0,0,0,0,0,37171152,191744232,191667156
2026-04-08 07:36:11,0,0,0,0,0,0,36761040,191743844,191667156
2026-04-08 07:36:12,0,0,0,0,0,0,36056528,191744176,191667156
2026-04-08 07:36:13,0,0,0,0,0,0,34560464,191742856,191667156
2026-04-08 07:36:14,0,0,0,0,0,0,30481484,191743448,191667156
2026-04-08 07:36:15,0,0,0,0,0,0,30384742,191743752,191667156
2026-04-08 07:36:17,0,0,0,0,0,0,30284615,191741560,191667156
2026-04-08 07:36:18,0,0,0,0,0,0,30178737,191740892,191667156
2026-04-08 07:36:19,0,0,0,0,0,0,30069783,191739972,191667156
2026-04-08 07:36:20,0,0,0,0,0,0,29959650,191742596,191667156
2026-04-08 07:36:21,0,0,0,0,0,0,29850468,191743568,191667156
2026-04-08 07:36:22,0,0,0,0,0,0,29740959,191744080,191667156
2026-04-08 07:36:23,0,0,0,0,0,0,29624835,191742340,191667156
2026-04-08 07:36:24,0,0,0,0,0,0,29510641,191743536,191667156
2026-04-08 07:36:25,0,0,0,0,0,0,29387356,191743488,191667156
2026-04-08 07:36:26,0,0,0,0,0,0,29257898,191745004,191667156
2026-04-08 07:36:27,0,0,0,0,0,0,29132557,191744224,191667156
2026-04-08 07:36:28,0,0,0,0,0,0,29008104,191742876,191667156
2026-04-08 07:36:29,0,0,0,0,0,0,28861347,191741528,191667156
2026-04-08 07:36:31,0,0,0,0,0,0,11138531,191741904,191667156
2026-04-08 07:36:32,0,0,0,0,0,0,39468435,191742940,191667156
2026-04-08 07:36:33,0,0,0,0,0,0,39107475,191743052,191667156
2026-04-08 07:36:34,0,0,0,0,0,0,38654867,191741840,191667156
2026-04-08 07:36:35,0,0,0,0,0,0,37944723,191742908,191667156
2026-04-08 07:36:36,0,0,0,0,0,0,36990867,191740772,191667156
2026-04-08 07:36:37,0,0,0,0,0,0,35034515,191740700,191667156
2026-04-08 07:36:38,0,0,0,0,0,0,31239028,191741252,191667156
2026-04-08 07:36:39,0,0,0,0,0,0,31135420,191741564,191667156
2026-04-08 07:36:40,0,0,0,0,0,0,31029183,191740416,191667156
2026-04-08 07:36:41,0,0,0,0,0,0,30918535,191741092,191667156
2026-04-08 07:36:42,0,0,0,0,0,0,30804311,191741628,191667156
2026-04-08 07:36:43,0,0,0,0,0,0,30686810,191742036,191667156
2026-04-08 07:36:44,0,0,0,0,0,0,30567223,191742036,191667156
2026-04-08 07:36:46,0,0,0,0,0,0,30440533,191742156,191667156
2026-04-08 07:36:47,0,0,0,0,0,0,30317396,191741836,191667156
2026-04-08 07:36:48,0,0,0,0,0,0,30184718,191742500,191667156
2026-04-08 07:36:49,0,0,0,0,0,0,30055901,191742524,191667156
2026-04-08 07:36:50,0,0,0,0,0,0,29912916,191742384,191667156
2026-04-08 07:36:51,0,0,0,0,0,0,29758618,191743280,191667156
2026-04-08 07:36:52,0,0,0,0,0,0,29599145,191742812,191667156
2026-04-08 07:36:53,0,0,0,0,0,0,29428988,191742108,191667156
2026-04-08 07:36:54,0,0,0,0,0,0,29250638,191741544,191667156
2026-04-08 07:36:55,0,0,0,0,0,0,29055001,191743332,191667156
2026-04-08 07:36:56,0,0,0,0,0,0,28854902,191745924,191667156
2026-04-08 07:36:57,0,0,0,0,0,0,28625053,191745048,191667156
2026-04-08 07:36:58,0,0,0,0,0,0,28376914,191744884,191667156
2026-04-08 07:36:59,0,0,0,0,0,0,28077015,191745424,191667156
2026-04-08 07:37:01,0,0,0,0,0,0,27663355,191745660,191667156
2026-04-08 07:37:02,0,0,0,0,0,0,27260571,191744988,191667156
2026-04-08 07:37:03,0,0,0,0,0,0,38827067,191744784,191667156
2026-04-08 07:37:04,0,0,0,0,0,0,38720059,191744452,191667156
2026-04-08 07:37:05,0,0,0,0,0,0,38603835,191744724,191667156
2026-04-08 07:37:06,0,0,0,0,0,0,38478395,191746456,191667156
2026-04-08 07:37:07,0,0,0,0,0,0,38329403,191745440,191667156
2026-04-08 07:37:08,0,0,0,0,0,0,38182459,191745708,191667156
2026-04-08 07:37:09,0,0,0,0,0,0,38011963,191745420,191667156
2026-04-08 07:37:10,0,0,0,0,0,0,37783099,191747420,191667156
2026-04-08 07:37:11,0,0,0,0,0,0,37543995,191748512,191667156
2026-04-08 07:37:12,0,0,0,0,0,0,37194811,191746684,191667156
2026-04-08 07:37:13,0,0,0,0,0,0,36810811,191747456,191667156
2026-04-08 07:37:14,0,0,0,0,0,0,36163131,191748140,191667156
2026-04-08 07:37:16,0,0,0,0,0,0,35151931,191746316,191667156
2026-04-08 07:37:17,0,0,0,0,0,0,31512744,191747704,191667156
2026-04-08 07:37:18,0,0,0,0,0,0,31418748,191748936,191667156
2026-04-08 07:37:19,0,0,0,0,0,0,31318694,191747692,191667156
2026-04-08 07:37:20,0,0,0,0,0,0,31220629,191749060,191667156
2026-04-08 07:37:21,0,0,0,0,0,0,31113990,191748584,191667156
2026-04-08 07:37:22,0,0,0,0,0,0,31002321,191749964,191667156
2026-04-08 07:37:23,0,0,0,0,0,0,30887723,191749524,191667156
2026-04-08 07:37:24,0,0,0,0,0,0,30772547,191749596,191667156
2026-04-08 07:37:25,0,0,0,0,0,0,30647118,191749664,191667156
2026-04-08 07:37:26,0,0,0,0,0,0,30520855,191749608,191667156
2026-04-08 07:37:27,0,0,0,0,0,0,30393394,191793756,191667156
