ts,swod_held_groups,swod_skip_cnt,swod_hold_cnt,swod_success_release_cnt
2026-04-06 04:52:26,0,0,0,0
2026-04-06 04:52:27,0,0,0,0
2026-04-06 04:52:28,0,0,0,0
2026-04-06 04:52:29,0,0,0,0
2026-04-06 04:52:30,0,0,0,0
2026-04-06 04:52:31,0,0,0,0
2026-04-06 04:52:32,0,0,0,0
2026-04-06 04:52:33,0,0,0,0
2026-04-06 04:52:35,0,0,0,0
2026-04-06 04:52:36,0,0,0,0
2026-04-06 04:52:37,0,0,0,0
2026-04-06 04:52:38,0,0,0,0
2026-04-06 04:52:39,0,0,0,0
2026-04-06 04:52:40,0,0,0,0
2026-04-06 04:52:41,0,0,0,0
2026-04-06 04:52:42,64,0,148,0
2026-04-06 04:52:43,64,0,180,0
2026-04-06 04:52:44,64,0,202,0
2026-04-06 04:52:45,64,0,220,0
2026-04-06 04:52:46,64,0,235,0
2026-04-06 04:52:47,64,0,254,0
2026-04-06 04:52:48,64,0,276,0
2026-04-06 04:52:49,64,0,296,0
2026-04-06 04:52:50,64,0,309,0
2026-04-06 04:52:51,64,0,325,0
2026-04-06 04:52:52,64,0,343,0
2026-04-06 04:52:53,64,0,349,0
2026-04-06 04:52:54,64,0,358,0
2026-04-06 04:52:55,64,0,363,0
2026-04-06 04:52:56,64,0,371,0
2026-04-06 04:52:57,64,0,380,0
2026-04-06 04:52:58,64,0,382,0
2026-04-06 04:52:59,64,0,382,0
2026-04-06 04:53:00,64,0,382,0
2026-04-06 04:53:01,64,0,382,0
2026-04-06 04:53:02,64,0,382,0
2026-04-06 04:53:03,64,0,382,0
2026-04-06 04:53:04,64,0,382,0
2026-04-06 04:53:05,21,0,403,0
2026-04-06 04:53:06,53,116,651,0
2026-04-06 04:53:07,64,248,907,0
2026-04-06 04:53:08,51,420,1143,0
2026-04-06 04:53:09,47,653,1381,0
2026-04-06 04:53:10,49,887,2142,538
2026-04-06 04:53:11,64,1018,6217,3743
2026-04-06 04:53:12,64,1083,8526,5105
2026-04-06 04:53:13,64,1208,10085,5821
2026-04-06 04:53:14,64,1278,10669,5821
2026-04-06 04:53:15,64,1316,11259,5821
2026-04-06 04:53:16,64,1357,11758,5821
2026-04-06 04:53:17,64,1400,12305,5821
2026-04-06 04:53:18,64,1441,12884,5821
2026-04-06 04:53:19,64,1463,13449,5821
2026-04-06 04:53:20,64,1527,13985,5821
2026-04-06 04:53:21,10,1770,14316,5821
2026-04-06 04:53:22,20,2022,14400,5821
2026-04-06 04:53:23,24,2305,14491,5821
2026-04-06 04:53:24,16,2590,14586,5821
2026-04-06 04:53:25,21,2892,14695,5821
2026-04-06 04:53:26,30,3186,14830,5821
2026-04-06 04:53:27,31,3480,14977,5821
2026-04-06 04:53:28,33,3752,15099,5821
2026-04-06 04:53:29,44,4057,15312,5821
2026-04-06 04:53:30,39,4377,15485,5821
2026-04-06 04:53:31,39,4674,15626,5821
2026-04-06 04:53:32,55,4833,15788,5821
2026-04-06 04:53:33,51,4912,16061,5821
2026-04-06 04:53:34,56,5055,16332,5821
2026-04-06 04:53:35,51,5240,16579,5821
2026-04-06 04:53:37,45,5466,16816,5821
2026-04-06 04:53:38,49,5734,17039,5821
2026-04-06 04:53:39,43,5979,17257,5821
2026-04-06 04:53:40,46,6127,17471,5821
2026-04-06 04:53:41,46,6237,17682,5821
2026-04-06 04:53:42,1,6239,22436,10417
2026-04-06 04:53:43,0,6239,28294,16256
2026-04-06 04:53:44,1,6239,30389,18358
2026-04-06 04:53:45,64,6239,35623,23389
2026-04-06 04:53:46,64,6239,36089,23389
2026-04-06 04:53:47,64,6239,36620,23389
2026-04-06 04:53:48,64,6239,37157,23389
2026-04-06 04:53:49,64,6239,37720,23389
2026-04-06 04:53:50,64,6239,38321,23389
2026-04-06 04:53:51,16,6239,38851,23389
2026-04-06 04:53:52,0,6239,38851,23389
2026-04-06 04:53:53,0,6239,38851,23389
2026-04-06 04:53:54,0,6239,38851,23389
2026-04-06 04:53:55,0,6239,38851,23389
2026-04-06 04:53:56,0,6239,38851,23389
2026-04-06 04:53:57,0,6239,38851,23389
2026-04-06 04:53:58,0,6239,38851,23389
2026-04-06 04:53:59,0,6239,38851,23389
2026-04-06 04:54:00,0,6239,38851,23389
2026-04-06 04:54:01,7,6241,38858,23389
2026-04-06 04:54:02,58,6296,39130,23389
2026-04-06 04:54:03,50,6386,39393,23389
2026-04-06 04:54:04,54,6521,39635,23389
2026-04-06 04:54:05,54,6762,39890,23389
2026-04-06 04:54:06,50,6977,40104,23389
2026-04-06 04:54:07,42,7273,40312,23389
2026-04-06 04:54:08,46,7545,40520,23389
2026-04-06 04:54:09,45,7830,40712,23389
2026-04-06 04:54:10,40,8161,40887,23389
2026-04-06 04:54:11,33,8485,41064,23389
2026-04-06 04:54:12,48,8835,41243,23389
2026-04-06 04:54:13,43,9141,41413,23389
2026-04-06 04:54:14,30,9470,41568,23389
2026-04-06 04:54:15,36,9832,41722,23389
2026-04-06 04:54:16,30,10147,41876,23389
2026-04-06 04:54:17,33,10448,42008,23389
2026-04-06 04:54:18,31,10805,42150,23389
2026-04-06 04:54:19,20,11137,42273,23389
2026-04-06 04:54:20,26,11505,42404,23389
2026-04-06 04:54:21,22,11884,42504,23389
2026-04-06 04:54:22,26,12221,43096,23863
2026-04-06 04:54:23,0,12330,52027,32801
2026-04-06 04:54:24,0,12330,54191,34957
2026-04-06 04:54:25,0,12330,55330,36095
2026-04-06 04:54:26,0,12330,56191,36955
2026-04-06 04:54:27,1,12330,56911,37674
2026-04-06 04:54:28,1,12330,57549,38313
2026-04-06 04:54:29,0,12330,58096,38859
2026-04-06 04:54:30,0,12330,58600,39363
2026-04-06 04:54:31,0,12330,59076,39839
2026-04-06 04:54:32,0,12330,59527,40290
2026-04-06 04:54:33,0,12330,59961,40723
2026-04-06 04:54:34,0,12330,60358,41120
2026-04-06 04:54:35,64,12330,60743,41363
2026-04-06 04:54:36,64,12330,61251,41363
2026-04-06 04:54:37,64,12330,61752,41363
2026-04-06 04:54:39,64,12330,62286,41363
2026-04-06 04:54:40,64,12330,62823,41363
2026-04-06 04:54:41,64,12330,63372,41363
2026-04-06 04:54:42,64,12330,63948,41363
2026-04-06 04:54:43,64,12330,64551,41363
2026-04-06 04:54:44,64,12330,65135,41363
2026-04-06 04:54:45,64,12330,65729,41363
2026-04-06 04:54:46,64,12330,66347,41363
2026-04-06 04:54:47,35,12333,66551,41363
2026-04-06 04:54:48,55,12393,66819,41363
2026-04-06 04:54:49,64,12474,67115,41363
2026-04-06 04:54:50,54,12597,67382,41363
2026-04-06 04:54:51,56,12738,67651,41363
2026-04-06 04:54:52,55,12896,67905,41363
2026-04-06 04:54:53,56,13103,68169,41363
2026-04-06 04:54:54,53,13305,68409,41363
2026-04-06 04:54:55,50,13512,68654,41363
2026-04-06 04:54:56,33,13762,68856,41363
2026-04-06 04:54:57,54,14031,69108,41363
2026-04-06 04:54:58,51,14313,69323,41363
2026-04-06 04:54:59,48,14598,69525,41363
2026-04-06 04:55:00,47,14892,69726,41363
2026-04-06 04:55:01,40,15180,69909,41363
2026-04-06 04:55:02,44,15472,70120,41363
2026-04-06 04:55:03,43,15831,70298,41363
2026-04-06 04:55:04,46,16198,70492,41363
2026-04-06 04:55:05,32,16525,70639,41363
2026-04-06 04:55:06,43,16893,70819,41363
2026-04-06 04:55:07,44,17247,70999,41363
2026-04-06 04:55:08,37,17574,71162,41363
2026-04-06 04:55:09,29,17899,71305,41363
2026-04-06 04:55:10,31,18194,71461,41363
2026-04-06 04:55:11,34,18507,71606,41363
2026-04-06 04:55:12,29,18843,71743,41363
2026-04-06 04:55:13,31,19156,71882,41363
2026-04-06 04:55:14,42,19513,72027,41363
2026-04-06 04:55:15,22,19861,72173,41363
2026-04-06 04:55:16,36,20223,72327,41363
2026-04-06 04:55:17,25,20610,72543,41455
2026-04-06 04:55:18,24,20948,73115,41900
2026-04-06 04:55:19,40,21279,73837,42507
2026-04-06 04:55:20,1,21432,86307,54974
2026-04-06 04:55:21,1,21432,90129,58755
2026-04-06 04:55:22,64,21432,93328,61868
2026-04-06 04:55:23,64,21432,93773,61868
2026-04-06 04:55:24,64,21432,94291,61868
2026-04-06 04:55:25,64,21432,94844,61868
2026-04-06 04:55:26,64,21432,95396,61868
2026-04-06 04:55:27,64,21432,95983,61868
2026-04-06 04:55:28,64,21432,96648,61868
2026-04-06 04:55:29,0,21432,96804,61868
2026-04-06 04:55:30,0,21432,96804,61868
2026-04-06 04:55:31,0,21432,96804,61868
2026-04-06 04:55:32,0,21432,96804,61868
2026-04-06 04:55:33,0,21432,96804,61868
2026-04-06 04:55:34,0,21432,96804,61868
2026-04-06 04:55:35,0,21432,96804,61868
2026-04-06 04:55:36,0,21432,96804,61868
2026-04-06 04:55:37,0,21432,96804,61868
2026-04-06 04:55:38,55,21443,96897,61868
2026-04-06 04:55:39,55,21510,97159,61868
2026-04-06 04:55:41,53,21653,97432,61868
2026-04-06 04:55:42,53,21818,97690,61868
2026-04-06 04:55:43,62,22056,97931,61868
2026-04-06 04:55:44,54,22340,98165,61868
2026-04-06 04:55:45,44,22638,98370,61868
2026-04-06 04:55:46,59,22933,98577,61868
2026-04-06 04:55:47,45,23235,98774,61868
2026-04-06 04:55:48,35,23541,98949,61868
2026-04-06 04:55:49,45,23875,99139,61868
2026-04-06 04:55:50,41,24257,99308,61868
2026-04-06 04:55:51,36,24654,99466,61868
2026-04-06 04:55:52,36,24997,99619,61868
2026-04-06 04:55:53,39,25385,99777,61868
2026-04-06 04:55:54,37,25762,99928,61868
2026-04-06 04:55:55,36,26109,100090,61868
2026-04-06 04:55:56,34,26453,100234,61868
2026-04-06 04:55:57,29,26816,100364,61868
2026-04-06 04:55:58,39,27165,100507,61868
2026-04-06 04:55:59,32,27470,100618,61868
2026-04-06 04:56:00,15,27745,100781,61910
2026-04-06 04:56:01,19,28047,101160,62176
2026-04-06 04:56:02,1,28283,109645,70621
2026-04-06 04:56:03,0,28283,111825,72793
2026-04-06 04:56:04,0,28283,112976,73942
2026-04-06 04:56:05,0,28283,113870,74836
2026-04-06 04:56:06,1,28283,114612,75577
2026-04-06 04:56:07,0,28283,115243,76208
2026-04-06 04:56:08,0,28283,115808,76772
2026-04-06 04:56:09,0,28283,116316,77281
2026-04-06 04:56:10,0,28283,116792,77757
2026-04-06 04:56:11,0,28283,117257,78222
2026-04-06 04:56:12,0,28283,117687,78651
2026-04-06 04:56:13,0,28283,118076,79040
2026-04-06 04:56:14,0,28283,118470,79434
2026-04-06 04:56:15,64,28283,118903,79563
2026-04-06 04:56:16,64,28283,119398,79563
2026-04-06 04:56:17,64,28283,119881,79563
2026-04-06 04:56:18,64,28283,120423,79563
2026-04-06 04:56:19,64,28283,120976,79563
2026-04-06 04:56:20,64,28283,121546,79563
2026-04-06 04:56:21,64,28283,122137,79563
2026-04-06 04:56:22,64,28283,122746,79563
2026-04-06 04:56:23,53,28283,123389,79563
2026-04-06 04:56:24,0,28283,123389,79563
2026-04-06 04:56:25,0,28283,123389,79563
2026-04-06 04:56:26,0,28283,123389,79563
2026-04-06 04:56:27,0,28283,123389,79563
2026-04-06 04:56:28,52,28332,123670,79563
2026-04-06 04:56:29,64,28357,125214,80344
2026-04-06 04:56:30,64,28399,126879,81198
2026-04-06 04:56:31,64,28434,128615,82053
2026-04-06 04:56:32,64,28482,130313,82857
2026-04-06 04:56:33,64,28519,131876,83554
2026-04-06 04:56:34,64,28576,133288,84103
2026-04-06 04:56:35,64,28670,134817,84747
2026-04-06 04:56:36,64,28704,135650,84948
2026-04-06 04:56:37,64,28774,136266,84948
2026-04-06 04:56:38,64,28814,136784,84948
2026-04-06 04:56:39,64,28850,137371,84948
2026-04-06 04:56:40,64,28966,137933,84948
2026-04-06 04:56:41,64,29032,138457,84948
2026-04-06 04:56:42,64,29094,139043,84948
2026-04-06 04:56:44,64,29120,139642,84948
2026-04-06 04:56:45,64,29162,140240,84948
2026-04-06 04:56:46,64,29206,140869,84948
2026-04-06 04:56:47,64,29256,141443,84948
2026-04-06 04:56:48,64,29307,142030,84948
2026-04-06 04:56:49,64,29332,142526,84948
2026-04-06 04:56:50,64,29349,143038,84948
2026-04-06 04:56:51,64,29415,143569,84948
2026-04-06 04:56:52,5,29576,143667,84948
2026-04-06 04:56:53,11,29789,143718,84948
2026-04-06 04:56:54,14,29963,143779,84948
2026-04-06 04:56:55,13,30183,143851,84948
