ts,swod_held_groups,swod_hold_cnt,swod_skip_check_cnt,swod_skip_cnt,swod_success_release_cnt,swod_timeout_release_cnt,swod_pressure_release_cnt,swod_gc_pick_bg_cnt,swod_gc_pick_fg_cnt,swod_gc_fallback_cnt,gc_background_calls,moved_blocks_background,moved_blocks_foreground,avg_vblocks,dirty_segments,free_segments,ovp_segments,gc_urgent,gc_idle
2026-04-08 04:54:10,11,123952,43063,6602,4889,45291,73731,237,0,0,244,2039,0,160,30981,1780657,3833,4,4
2026-04-08 04:54:12,6,123998,43217,6604,4889,45337,73739,240,0,0,247,2088,0,160,30981,1780657,3833,4,4
2026-04-08 04:54:13,9,124041,43392,6619,4889,45369,73748,242,0,0,249,2124,0,160,30981,1780657,3833,4,4
2026-04-08 04:54:14,11,124084,43545,6620,4889,45397,73755,244,0,0,251,2154,0,160,30981,1780657,3833,4,4
2026-04-08 04:54:15,5,124126,43722,6645,4889,45432,73771,246,0,0,253,2182,0,160,30981,1780657,3833,4,4
2026-04-08 04:54:16,10,124173,43875,6646,4889,45464,73780,248,0,0,255,2207,0,160,30981,1780657,3833,4,4
2026-04-08 04:54:17,10,124211,44029,6648,4889,45497,73783,250,0,0,257,2246,0,160,30981,1780657,3833,4,4
2026-04-08 04:54:18,4,124240,44199,6666,4889,45524,73794,252,0,0,259,2290,0,160,30981,1780657,3833,4,4
2026-04-08 04:54:19,3,124275,44371,6678,4889,45559,73794,254,0,0,262,2356,0,160,30951,1780656,3833,4,4
2026-04-08 04:54:20,4,124297,44523,6678,4889,45592,73794,257,0,0,264,2410,0,160,30951,1780656,3833,4,4
2026-04-08 04:54:21,3,124327,44697,6692,4889,45614,73794,259,0,0,266,2464,0,160,30951,1780656,3833,4,4
2026-04-08 04:54:22,3,124348,44884,6727,4889,45642,73794,261,0,0,268,2512,0,160,30951,1780656,3833,4,4
2026-04-08 04:54:24,4,124374,45050,6733,4889,45662,73794,263,0,0,270,2562,0,160,30951,1780656,3833,4,4
2026-04-08 04:54:25,5,124399,45218,6749,4889,45687,73794,265,0,0,272,2620,0,160,30951,1780656,3833,4,4
2026-04-08 04:54:26,6,124420,45378,6749,4889,45716,73794,267,0,0,274,2666,0,160,30951,1780656,3833,4,4
2026-04-08 04:54:27,6,124444,45531,6750,4889,45736,73794,269,0,0,276,2712,0,160,30951,1780656,3833,4,4
2026-04-08 04:54:28,5,124464,45703,6762,4889,45757,73794,272,0,0,279,2787,0,160,30951,1780656,3833,4,4
2026-04-08 04:54:29,3,124482,45866,6773,4889,45781,73794,274,0,0,281,2836,0,160,30931,1780655,3833,4,4
2026-04-08 04:54:30,2,124496,46037,6792,4889,45800,73794,276,0,0,283,2892,0,160,30931,1780655,3833,4,4
2026-04-08 04:54:31,5,124521,46197,6792,4889,45813,73794,278,0,0,285,2946,0,160,30931,1780655,3833,4,4
2026-04-08 04:54:32,4,124536,46375,6818,4889,45836,73794,280,0,0,287,3010,0,160,30931,1780655,3833,4,4
2026-04-08 04:54:33,5,124551,46535,6818,4889,45854,73794,282,0,0,289,3071,0,160,30931,1780655,3833,4,4
2026-04-08 04:54:34,6,124577,46692,6823,4889,45870,73794,284,0,0,291,3130,0,160,30931,1780655,3833,4,4
2026-04-08 04:54:36,2,124594,46862,6833,4889,45895,73794,286,0,0,293,3188,0,160,30931,1780655,3833,4,4
2026-04-08 04:54:37,2,124612,47016,6835,4889,45911,73794,289,0,0,296,3285,0,160,30931,1780655,3833,4,4
2026-04-08 04:54:38,2,124629,47178,6837,4889,45932,73794,291,0,0,298,3348,0,160,30931,1780655,3833,4,4
2026-04-08 04:54:39,3,124642,47353,6860,4889,45948,73794,293,0,0,300,3412,0,160,30931,1780655,3833,4,4
2026-04-08 04:54:40,3,124658,47518,6865,4889,45958,73794,295,0,0,302,3474,0,161,30911,1780654,3833,4,4
2026-04-08 04:54:41,4,124669,47670,6865,4889,45976,73794,297,0,0,304,3536,0,161,30911,1780654,3833,4,4
2026-04-08 04:54:42,3,124677,47830,6865,4889,45988,73794,299,0,0,306,3593,0,161,30911,1780654,3833,4,4
2026-04-08 04:54:43,4,124690,47982,6865,4889,45997,73794,301,0,0,308,3661,0,161,30911,1780654,3833,4,4
2026-04-08 04:54:44,2,124702,48152,6875,4889,46008,73794,303,0,0,310,3729,0,161,30911,1780654,3833,4,4
2026-04-08 04:54:45,3,124714,48305,6876,4889,46020,73794,306,0,0,313,3842,0,161,30911,1780654,3833,4,4
2026-04-08 04:54:46,2,124726,48465,6876,4889,46036,73794,308,0,0,315,3905,0,161,30911,1780654,3833,4,4
2026-04-08 04:54:48,0,124783,48629,6888,4933,46042,73794,310,0,0,317,3967,0,161,30910,1780765,3833,4,4
2026-04-08 04:54:49,0,124785,48800,6899,4933,46056,73794,312,0,0,319,4026,0,161,30910,1780765,3833,4,4
2026-04-08 04:54:50,0,124791,48962,6909,4933,46058,73794,314,0,0,321,4098,0,161,30910,1780765,3833,4,4
2026-04-08 04:54:51,1,124795,49132,6919,4933,46064,73794,316,0,0,323,4186,0,161,30910,1780765,3833,4,4
2026-04-08 04:54:52,0,124800,49284,6919,4933,46068,73794,318,0,0,325,4269,0,161,30910,1780765,3833,4,4
2026-04-08 04:54:53,1,124804,49444,6919,4933,46073,73794,321,0,0,328,4405,0,161,30910,1780765,3833,4,4
2026-04-08 04:54:54,3,124808,49596,6919,4933,46076,73794,322,0,1,330,4450,0,161,30910,1780765,3833,4,4
2026-04-08 04:54:55,0,124812,49756,6919,4933,46080,73794,324,0,1,332,4542,0,161,30882,1780763,3833,4,4
2026-04-08 04:54:56,1,124820,49908,6919,4933,46089,73794,326,0,1,334,4624,0,161,30882,1780763,3833,4,4
2026-04-08 04:54:57,1,124823,50068,6919,4933,46092,73794,328,0,1,336,4702,0,161,30882,1780763,3833,4,4
2026-04-08 04:54:58,2,124828,50221,6920,4933,46097,73794,330,0,1,338,4776,0,161,30882,1780763,3833,4,4
2026-04-08 04:54:59,2,124834,50382,6921,4933,46101,73794,332,0,1,340,4863,0,161,30882,1780763,3833,4,4
2026-04-08 04:55:01,0,124837,50536,6923,4933,46107,73794,333,0,2,342,4912,0,161,30882,1780763,3833,4,4
2026-04-08 04:55:02,1,124845,50688,6923,4933,46110,73794,335,0,3,345,4998,0,161,30882,1780763,3833,4,4
2026-04-08 04:55:03,1,124848,50848,6923,4933,46118,73794,337,0,3,347,5091,0,161,30882,1780763,3833,4,4
2026-04-08 04:55:04,3,124856,51000,6923,4933,46122,73794,339,0,3,349,5190,0,161,30882,1780763,3833,4,4
2026-04-08 04:55:05,0,124859,51160,6923,4933,46129,73794,340,0,4,351,5241,0,161,30882,1780763,3833,4,4
2026-04-08 04:55:06,0,124865,51312,6923,4933,46134,73794,342,0,4,353,5322,0,161,30882,1780763,3833,4,4
2026-04-08 04:55:07,1,124867,51472,6923,4933,46139,73794,343,0,5,355,5364,0,161,30882,1780763,3833,4,4
2026-04-08 04:55:08,1,124870,51624,6923,4933,46140,73794,344,0,6,357,5415,0,161,30882,1780763,3833,4,4
2026-04-08 04:55:09,1,124872,51791,6930,4933,46143,73794,344,0,8,359,5417,0,161,30882,1780763,3833,4,4
2026-04-08 04:55:10,1,124874,51943,6930,4933,46145,73794,345,0,10,362,5468,0,161,30882,1780763,3833,4,4
2026-04-08 04:55:11,0,124874,52103,6930,4933,46147,73794,345,0,12,364,5470,0,161,30882,1780763,3833,4,4
2026-04-08 04:55:13,0,124876,52255,6930,4933,46148,73794,345,0,14,366,5472,0,161,30882,1780763,3833,4,4
2026-04-08 04:55:14,1,124878,52415,6930,4933,46149,73794,345,0,16,368,5474,0,161,30882,1780763,3833,4,4
2026-04-08 04:55:15,0,124878,52567,6930,4933,46151,73794,345,0,17,370,5476,0,161,30882,1780763,3833,4,4
2026-04-08 04:55:16,0,124880,52727,6930,4933,46151,73794,347,0,17,372,5563,0,161,30882,1780763,3833,4,4
2026-04-08 04:55:17,1,124881,52879,6930,4933,46153,73794,347,0,18,374,5565,0,161,30882,1780763,3833,4,4
2026-04-08 04:55:18,0,124881,53039,6930,4933,46154,73794,347,0,20,377,5568,0,161,30882,1780763,3833,4,4
2026-04-08 04:55:19,1,124884,53191,6930,4933,46156,73794,347,0,21,379,5570,0,161,30882,1780763,3833,4,4
2026-04-08 04:55:20,0,124885,53351,6930,4933,46157,73794,347,0,23,381,5572,0,161,30882,1780763,3833,4,4
2026-04-08 04:55:21,0,124885,53503,6930,4933,46158,73794,347,0,23,383,5574,0,161,30882,1780763,3833,4,4
2026-04-08 04:55:22,0,124885,53655,6930,4933,46158,73794,347,0,23,385,5576,0,161,30882,1780763,3833,4,4
2026-04-08 04:55:23,1,124886,53815,6930,4933,46158,73794,347,0,23,387,5578,0,161,30882,1780763,3833,4,4
2026-04-08 04:55:25,0,124886,53967,6930,4933,46159,73794,347,0,25,389,5580,0,161,30882,1780763,3833,4,4
2026-04-08 04:55:26,1,124888,54127,6930,4933,46159,73794,347,0,26,391,5582,0,161,30823,1780761,3833,4,4
2026-04-08 04:55:27,0,124889,54279,6930,4933,46162,73794,347,0,28,394,5585,0,161,30823,1780761,3833,4,4
2026-04-08 04:55:28,0,124889,54439,6930,4933,46162,73794,347,0,28,396,5587,0,161,30823,1780761,3833,4,4
2026-04-08 04:55:29,0,124891,54591,6930,4933,46164,73794,347,0,29,398,5589,0,161,30823,1780761,3833,4,4
2026-04-08 04:55:30,0,124892,54751,6930,4933,46165,73794,347,0,29,400,5591,0,161,30823,1780761,3833,4,4
2026-04-08 04:55:31,0,124892,54903,6930,4933,46165,73794,347,0,29,402,5593,0,161,30823,1780761,3833,4,4
2026-04-08 04:55:32,0,124892,55063,6930,4933,46165,73794,347,0,29,404,5595,0,161,30823,1780761,3833,4,4
2026-04-08 04:55:33,0,124893,55215,6930,4933,46166,73794,347,0,29,406,5597,0,161,30823,1780761,3833,4,4
2026-04-08 04:55:34,0,124893,55375,6930,4933,46166,73794,347,0,29,408,5599,0,161,30823,1780761,3833,4,4
2026-04-08 04:55:35,0,124894,55527,6930,4933,46167,73794,347,0,29,411,5602,0,161,30803,1780761,3833,4,4
2026-04-08 04:55:37,0,124894,55687,6930,4933,46167,73794,347,0,29,413,5604,0,161,30803,1780761,3833,4,4
2026-04-08 04:55:38,0,124894,55839,6930,4933,46167,73794,347,0,29,415,5606,0,161,30803,1780761,3833,4,4
2026-04-08 04:55:39,0,124894,55999,6930,4933,46167,73794,347,0,29,417,5608,0,161,30803,1780761,3833,4,4
2026-04-08 04:55:40,0,124894,56151,6930,4933,46167,73794,347,0,29,419,5610,0,161,30803,1780761,3833,4,4
2026-04-08 04:55:41,0,124894,56311,6930,4933,46167,73794,347,0,29,421,5612,0,161,30793,1780761,3833,4,4
2026-04-08 04:55:42,0,124894,56463,6930,4933,46167,73794,347,0,29,423,5614,0,161,30793,1780761,3833,4,4
2026-04-08 04:55:43,0,124894,56623,6930,4933,46167,73794,347,0,29,426,5617,0,161,30793,1780761,3833,4,4
2026-04-08 04:55:44,0,124894,56775,6930,4933,46167,73794,347,0,29,428,5619,0,161,30793,1780761,3833,4,4
2026-04-08 04:55:45,0,124896,56927,6930,4933,46167,73794,348,0,29,430,5643,0,161,30793,1780761,3833,4,4
2026-04-08 04:55:46,0,124896,57087,6930,4933,46169,73794,349,0,29,432,5672,0,161,30784,1780761,3833,4,4
2026-04-08 04:55:47,3,124928,57256,6939,4962,46169,73794,349,0,29,434,5674,0,161,30780,1780891,3833,4,4
2026-04-08 04:55:49,1,124929,57425,6956,4962,46172,73794,351,0,29,436,5732,0,161,30780,1780891,3833,4,4
2026-04-08 04:55:50,0,124929,57585,6956,4962,46172,73794,351,0,31,438,5734,0,161,30780,1780891,3833,4,4
2026-04-08 04:55:51,0,124929,57737,6956,4962,46173,73794,351,0,31,440,5736,0,161,30780,1780891,3833,4,4
2026-04-08 04:55:52,0,124929,57889,6956,4962,46173,73794,351,0,31,443,5739,0,161,30773,1780891,3833,4,4
2026-04-08 04:55:53,0,124929,58049,6956,4962,46173,73794,351,0,31,445,5741,0,161,30773,1780891,3833,4,4
2026-04-08 04:55:54,0,124929,58201,6956,4962,46173,73794,351,0,31,447,5743,0,161,30773,1780891,3833,4,4
2026-04-08 04:55:55,0,124929,58361,6956,4962,46173,73794,351,0,31,449,5745,0,161,30773,1780891,3833,4,4
2026-04-08 04:55:56,0,124929,58513,6956,4962,46173,73794,351,0,31,451,5747,0,161,30773,1780891,3833,4,4
2026-04-08 04:55:57,0,124929,58673,6956,4962,46173,73794,351,0,31,453,5749,0,161,30763,1780891,3833,4,4
2026-04-08 04:55:58,0,124929,58825,6956,4962,46173,73794,351,0,31,455,5751,0,161,30763,1780891,3833,4,4
2026-04-08 04:55:59,0,124929,58985,6956,4962,46173,73794,351,0,31,457,5753,0,161,30763,1780891,3833,4,4
2026-04-08 04:56:01,0,124929,59137,6956,4962,46173,73794,351,0,31,460,5756,0,161,30763,1780891,3833,4,4
2026-04-08 04:56:02,0,124929,59297,6956,4962,46173,73794,351,0,31,462,5758,0,161,30753,1780891,3833,4,4
2026-04-08 04:56:03,0,124929,59449,6956,4962,46173,73794,351,0,31,464,5760,0,161,30753,1780891,3833,4,4
2026-04-08 04:56:04,0,124929,59609,6956,4962,46173,73794,351,0,31,466,5762,0,161,30753,1780891,3833,4,4
2026-04-08 04:56:05,0,124929,59761,6956,4962,46173,73794,351,0,31,468,5764,0,161,30753,1780891,3833,4,4
2026-04-08 04:56:06,0,124929,59921,6956,4962,46173,73794,351,0,31,470,5766,0,161,30753,1780891,3833,4,4
2026-04-08 04:56:07,0,124929,60073,6956,4962,46173,73794,351,0,31,472,5768,0,161,30743,1780891,3833,4,4
2026-04-08 04:56:08,0,124929,60225,6956,4962,46173,73794,351,0,31,474,5770,0,161,30743,1780891,3833,4,4
2026-04-08 04:56:09,0,124929,60385,6956,4962,46173,73794,351,0,31,477,5773,0,161,30743,1780891,3833,4,4
2026-04-08 04:56:10,0,124929,60537,6956,4962,46173,73794,351,0,31,479,5775,0,161,30743,1780891,3833,4,4
2026-04-08 04:56:11,0,124929,60697,6956,4962,46173,73794,351,0,31,481,5777,0,161,30743,1780891,3833,4,4
2026-04-08 04:56:13,0,124929,60849,6956,4962,46173,73794,351,0,31,483,5779,0,161,30733,1780891,3833,4,4
2026-04-08 04:56:14,0,124929,61009,6956,4962,46173,73794,351,0,31,485,5781,0,161,30733,1780891,3833,4,4
2026-04-08 04:56:15,0,124929,61161,6956,4962,46173,73794,351,0,31,487,5783,0,161,30733,1780891,3833,4,4
2026-04-08 04:56:16,0,124929,61321,6956,4962,46173,73794,351,0,31,489,5785,0,161,30733,1780891,3833,4,4
2026-04-08 04:56:17,0,124929,61473,6956,4962,46173,73794,351,0,31,492,5788,0,161,30723,1780891,3833,4,4
2026-04-08 04:56:18,0,124929,61633,6956,4962,46173,73794,351,0,31,494,5790,0,161,30723,1780891,3833,4,4
2026-04-08 04:56:19,0,124929,61785,6956,4962,46173,73794,351,0,31,496,5792,0,161,30723,1780891,3833,4,4
2026-04-08 04:56:20,0,124929,61945,6956,4962,46173,73794,351,0,31,498,5794,0,161,30723,1780891,3833,4,4
2026-04-08 04:56:21,0,124929,62097,6956,4962,46173,73794,351,0,31,500,5796,0,161,30723,1780891,3833,4,4
2026-04-08 04:56:22,0,124929,62257,6956,4962,46173,73794,351,0,31,502,5798,0,161,30713,1780891,3833,4,4
2026-04-08 04:56:23,0,124929,62409,6956,4962,46173,73794,351,0,31,504,5800,0,161,30713,1780891,3833,4,4
2026-04-08 04:56:25,0,124929,62561,6956,4962,46173,73794,351,0,31,506,5802,0,161,30713,1780891,3833,4,4
2026-04-08 04:56:26,0,124929,62721,6956,4962,46173,73794,351,0,31,509,5805,0,161,30713,1780891,3833,4,4
2026-04-08 04:56:27,0,124929,62873,6956,4962,46173,73794,351,0,31,511,5807,0,161,30713,1780891,3833,4,4
2026-04-08 04:56:28,0,124929,63033,6956,4962,46173,73794,351,0,31,513,5809,0,162,30703,1780891,3833,4,4
2026-04-08 04:56:29,0,124929,63185,6956,4962,46173,73794,351,0,31,515,5811,0,162,30703,1780891,3833,4,4
2026-04-08 04:56:30,0,124929,63345,6956,4962,46173,73794,351,0,31,517,5813,0,162,30703,1780891,3833,4,4
2026-04-08 04:56:31,0,124929,63497,6956,4962,46173,73794,351,0,31,519,5815,0,162,30703,1780891,3833,4,4
2026-04-08 04:56:32,0,124929,63657,6956,4962,46173,73794,351,0,31,521,5817,0,162,30703,1780891,3833,4,4
2026-04-08 04:56:33,0,124929,63809,6956,4962,46173,73794,351,0,31,523,5819,0,162,30693,1780891,3833,4,4
2026-04-08 04:56:34,0,124929,63969,6956,4962,46173,73794,351,0,31,526,5822,0,162,30693,1780891,3833,4,4
2026-04-08 04:56:35,0,124929,64121,6956,4962,46173,73794,351,0,31,528,5824,0,162,30693,1780891,3833,4,4
2026-04-08 04:56:37,0,124929,64273,6956,4962,46173,73794,351,0,31,530,5826,0,162,30693,1780891,3833,4,4
2026-04-08 04:56:38,0,124929,64433,6956,4962,46173,73794,351,0,31,532,5828,0,162,30683,1780891,3833,4,4
2026-04-08 04:56:39,0,124929,64593,6956,4962,46173,73794,351,0,31,534,5830,0,162,30683,1780891,3833,4,4
2026-04-08 04:56:40,0,124929,64745,6956,4962,46173,73794,351,0,31,536,5832,0,162,30683,1780891,3833,4,4
2026-04-08 04:56:41,0,124929,64897,6956,4962,46173,73794,351,0,31,538,5834,0,162,30683,1780891,3833,4,4
2026-04-08 04:56:42,0,124929,65057,6956,4962,46173,73794,351,0,31,541,5837,0,162,30683,1780891,3833,4,4
2026-04-08 04:56:43,0,124929,65209,6956,4962,46173,73794,351,0,31,543,5839,0,162,30673,1780891,3833,4,4
2026-04-08 04:56:44,0,124929,65369,6956,4962,46173,73794,351,0,31,545,5841,0,162,30673,1780891,3833,4,4
2026-04-08 04:56:45,0,124929,65521,6956,4962,46173,73794,351,0,31,547,5843,0,162,30673,1780891,3833,4,4
2026-04-08 04:56:46,0,124929,65681,6956,4962,46173,73794,351,0,31,549,5845,0,162,30673,1780891,3833,4,4
2026-04-08 04:56:47,1,124932,65843,6958,4964,46173,73794,351,0,31,551,5847,0,162,30670,1781001,3833,4,4
2026-04-08 04:56:49,0,124932,65997,6960,4964,46173,73794,352,0,32,553,5881,0,162,30660,1781001,3833,4,4
2026-04-08 04:56:50,0,124932,66157,6960,4964,46174,73794,352,0,32,555,5883,0,162,30660,1781001,3833,4,4
2026-04-08 04:56:51,0,124932,66309,6960,4964,46174,73794,352,0,32,558,5886,0,162,30660,1781001,3833,4,4
2026-04-08 04:56:52,0,124932,66469,6960,4964,46174,73794,352,0,32,560,5888,0,162,30660,1781001,3833,4,4
2026-04-08 04:56:53,0,124932,66621,6960,4964,46174,73794,352,0,32,562,5890,0,162,30660,1781001,3833,4,4
2026-04-08 04:56:54,0,124932,66781,6960,4964,46174,73794,352,0,32,564,5892,0,162,30650,1781001,3833,4,4
2026-04-08 04:56:55,0,124932,66933,6960,4964,46174,73794,352,0,32,566,5894,0,162,30650,1781001,3833,4,4
2026-04-08 04:56:56,0,124932,67093,6960,4964,46174,73794,352,0,32,568,5896,0,162,30650,1781001,3833,4,4
2026-04-08 04:56:57,0,124932,67245,6960,4964,46174,73794,352,0,32,570,5898,0,162,30650,1781001,3833,4,4
2026-04-08 04:56:58,0,124932,67405,6960,4964,46174,73794,352,0,32,572,5900,0,162,30640,1781001,3833,4,4
2026-04-08 04:56:59,0,124932,67557,6960,4964,46174,73794,352,0,32,575,5903,0,162,30640,1781001,3833,4,4
2026-04-08 04:57:01,0,124932,67717,6960,4964,46174,73794,352,0,32,577,5905,0,162,30640,1781001,3833,4,4
2026-04-08 04:57:02,0,124932,67869,6960,4964,46174,73794,352,0,32,579,5907,0,162,30640,1781001,3833,4,4
2026-04-08 04:57:03,0,124932,68029,6960,4964,46174,73794,352,0,32,581,5909,0,162,30640,1781001,3833,4,4
2026-04-08 04:57:04,0,124932,68181,6960,4964,46174,73794,352,0,32,583,5911,0,162,30630,1781001,3833,4,4
2026-04-08 04:57:05,0,124932,68341,6960,4964,46174,73794,352,0,32,585,5913,0,162,30630,1781001,3833,4,4
2026-04-08 04:57:06,0,124932,68493,6960,4964,46174,73794,352,0,32,587,5915,0,162,30630,1781001,3833,4,4
2026-04-08 04:57:07,0,124932,68653,6960,4964,46174,73794,352,0,32,590,5921,0,162,30630,1781001,3833,4,4
2026-04-08 04:57:08,0,124932,68805,6960,4964,46174,73794,352,0,32,592,5925,0,162,30630,1781001,3833,4,4
2026-04-08 04:57:09,0,124932,68957,6960,4964,46174,73794,352,0,32,594,5929,0,162,30620,1781001,3833,4,4
2026-04-08 04:57:10,0,124932,69117,6960,4964,46174,73794,352,0,32,596,5933,0,162,30620,1781001,3833,4,4
2026-04-08 04:57:11,0,124932,69269,6960,4964,46174,73794,352,0,32,598,5937,0,162,30620,1781001,3833,4,4
2026-04-08 04:57:13,0,124932,69429,6960,4964,46174,73794,352,0,32,600,5941,0,162,30620,1781001,3833,4,4
2026-04-08 04:57:14,0,124932,69581,6960,4964,46174,73794,352,0,32,602,5945,0,162,30620,1781001,3833,4,4
2026-04-08 04:57:15,0,124932,69741,6960,4964,46174,73794,352,0,32,604,5949,0,162,30610,1781001,3833,4,4
2026-04-08 04:57:16,0,124932,69893,6960,4964,46174,73794,352,0,32,607,5955,0,162,30610,1781001,3833,4,4
2026-04-08 04:57:17,0,124932,70053,6960,4964,46174,73794,352,0,32,609,5959,0,162,30610,1781001,3833,4,4
2026-04-08 04:57:18,0,124932,70205,6960,4964,46174,73794,352,0,32,611,5963,0,162,30610,1781001,3833,4,4
2026-04-08 04:57:19,0,124932,70365,6960,4964,46174,73794,352,0,32,613,5967,0,162,30600,1781001,3833,4,4
2026-04-08 04:57:20,0,124932,70517,6960,4964,46174,73794,352,0,32,615,5971,0,162,30600,1781001,3833,4,4
2026-04-08 04:57:21,0,124932,70677,6960,4964,46174,73794,352,0,32,617,5975,0,162,30600,1781001,3833,4,4
2026-04-08 04:57:22,0,124932,70829,6960,4964,46174,73794,352,0,32,619,5979,0,162,30600,1781001,3833,4,4
2026-04-08 04:57:23,0,124932,70989,6960,4964,46174,73794,352,0,32,621,5983,0,162,30600,1781001,3833,4,4
2026-04-08 04:57:25,0,124932,71141,6960,4964,46174,73794,352,0,32,624,5989,0,162,30590,1781001,3833,4,4
2026-04-08 04:57:26,0,124932,71301,6960,4964,46174,73794,352,0,32,626,5993,0,162,30590,1781001,3833,4,4
2026-04-08 04:57:27,0,124932,71453,6960,4964,46174,73794,352,0,32,628,5997,0,162,30590,1781001,3833,4,4
2026-04-08 04:57:28,0,124932,71613,6960,4964,46174,73794,352,0,32,630,6001,0,162,30590,1781001,3833,4,4
2026-04-08 04:57:29,0,124932,71765,6960,4964,46174,73794,352,0,32,632,6005,0,162,30590,1781001,3833,4,4
2026-04-08 04:57:30,0,124932,71925,6960,4964,46174,73794,352,0,32,634,6009,0,162,30580,1781001,3833,4,4
2026-04-08 04:57:31,0,124932,72077,6960,4964,46174,73794,352,0,32,636,6013,0,162,30580,1781001,3833,4,4
2026-04-08 04:57:32,0,124932,72237,6960,4964,46174,73794,352,0,32,639,6019,0,162,30580,1781001,3833,4,4
2026-04-08 04:57:33,0,124932,72389,6960,4964,46174,73794,352,0,32,641,6023,0,162,30580,1781001,3833,4,4
2026-04-08 04:57:34,0,124932,72541,6960,4964,46174,73794,352,0,32,643,6027,0,162,30570,1781001,3833,4,4
2026-04-08 04:57:35,0,124932,72701,6960,4964,46174,73794,352,0,32,645,6031,0,162,30570,1781001,3833,4,4
2026-04-08 04:57:37,0,124932,72853,6960,4964,46174,73794,352,0,32,647,6035,0,162,30570,1781001,3833,4,4
2026-04-08 04:57:38,0,124932,73013,6960,4964,46174,73794,352,0,32,649,6039,0,162,30570,1781001,3833,4,4
2026-04-08 04:57:39,0,124932,73165,6960,4964,46174,73794,352,0,32,651,6043,0,162,30570,1781001,3833,4,4
2026-04-08 04:57:40,0,124932,73325,6960,4964,46174,73794,352,0,32,653,6047,0,162,30560,1781001,3833,4,4
2026-04-08 04:57:41,0,124932,73477,6960,4964,46174,73794,352,0,32,656,6053,0,162,30560,1781001,3833,4,4
2026-04-08 04:57:42,0,124932,73637,6960,4964,46174,73794,352,0,32,658,6057,0,162,30560,1781001,3833,4,4
2026-04-08 04:57:43,0,124932,73789,6960,4964,46174,73794,352,0,32,660,6061,0,162,30560,1781001,3833,4,4
2026-04-08 04:57:44,0,124932,73949,6960,4964,46174,73794,352,0,32,662,6065,0,162,30560,1781001,3833,4,4
2026-04-08 04:57:45,0,124932,74101,6960,4964,46174,73794,352,0,32,664,6069,0,162,30550,1781000,3833,4,4
2026-04-08 04:57:46,0,124932,74261,6960,4964,46174,73794,352,0,32,666,6073,0,162,30550,1781000,3833,4,4
2026-04-08 04:57:47,0,124932,74413,6960,4964,46174,73794,352,0,32,668,6077,0,162,30550,1781000,3833,4,4
2026-04-08 04:57:49,0,124933,74573,6960,4965,46174,73794,352,0,32,670,6081,0,162,30549,1781121,3833,4,4
2026-04-08 04:57:50,0,124933,74725,6960,4965,46174,73794,352,0,32,673,6087,0,162,30539,1781121,3833,4,4
2026-04-08 04:57:51,0,124933,74885,6960,4965,46174,73794,352,0,32,675,6091,0,162,30539,1781121,3833,4,4
2026-04-08 04:57:52,0,124933,75037,6960,4965,46174,73794,352,0,32,677,6095,0,162,30539,1781121,3833,4,4
2026-04-08 04:57:53,0,124933,75197,6960,4965,46174,73794,352,0,32,679,6099,0,162,30539,1781121,3833,4,4
2026-04-08 04:57:54,0,124933,75349,6960,4965,46174,73794,352,0,32,681,6103,0,162,30539,1781121,3833,4,4
2026-04-08 04:57:55,0,124933,75509,6960,4965,46174,73794,352,0,32,683,6107,0,162,30529,1781121,3833,4,4
2026-04-08 04:57:56,0,124933,75661,6960,4965,46174,73794,352,0,32,685,6111,0,162,30529,1781121,3833,4,4
2026-04-08 04:57:57,0,124933,75821,6960,4965,46174,73794,352,0,32,688,6117,0,162,30529,1781121,3833,4,4
2026-04-08 04:57:58,0,124933,75973,6960,4965,46174,73794,352,0,32,690,6121,0,162,30529,1781121,3833,4,4
2026-04-08 04:57:59,0,124933,76125,6960,4965,46174,73794,352,0,32,692,6125,0,162,30529,1781121,3833,4,4
2026-04-08 04:58:01,0,124933,76285,6960,4965,46174,73794,352,0,32,694,6129,0,163,30519,1781121,3833,4,4
2026-04-08 04:58:02,0,124933,76437,6960,4965,46174,73794,352,0,32,696,6133,0,163,30519,1781121,3833,4,4
2026-04-08 04:58:03,0,124933,76597,6960,4965,46174,73794,352,0,32,698,6137,0,163,30519,1781121,3833,4,4
2026-04-08 04:58:04,0,124933,76749,6960,4965,46174,73794,352,0,32,700,6141,0,163,30519,1781121,3833,4,4
2026-04-08 04:58:05,0,124933,76909,6960,4965,46174,73794,352,0,32,702,6145,0,163,30509,1781121,3833,4,4
2026-04-08 04:58:06,0,124933,77061,6960,4965,46174,73794,352,0,32,705,6151,0,163,30509,1781121,3833,4,4
2026-04-08 04:58:07,0,124933,77221,6960,4965,46174,73794,352,0,32,707,6155,0,163,30509,1781121,3833,4,4
2026-04-08 04:58:08,0,124933,77373,6960,4965,46174,73794,352,0,32,709,6159,0,163,30509,1781121,3833,4,4
2026-04-08 04:58:09,0,124933,77533,6960,4965,46174,73794,352,0,32,711,6163,0,163,30509,1781121,3833,4,4
2026-04-08 04:58:10,0,124933,77685,6960,4965,46174,73794,352,0,32,713,6167,0,163,30499,1781121,3833,4,4
2026-04-08 04:58:11,0,124933,77845,6960,4965,46174,73794,352,0,32,715,6171,0,163,30499,1781121,3833,4,4
2026-04-08 04:58:13,0,124933,77997,6960,4965,46174,73794,352,0,32,717,6175,0,163,30499,1781121,3833,4,4
2026-04-08 04:58:14,0,124933,78149,6960,4965,46174,73794,352,0,32,719,6179,0,163,30499,1781121,3833,4,4
2026-04-08 04:58:15,0,124933,78309,6960,4965,46174,73794,352,0,32,722,6185,0,163,30499,1781121,3833,4,4
2026-04-08 04:58:16,0,124933,78461,6960,4965,46174,73794,352,0,32,724,6189,0,163,30489,1781121,3833,4,4
2026-04-08 04:58:17,0,124933,78621,6960,4965,46174,73794,352,0,32,726,6193,0,163,30489,1781121,3833,4,4
2026-04-08 04:58:18,0,124933,78773,6960,4965,46174,73794,352,0,32,728,6197,0,163,30489,1781121,3833,4,4
2026-04-08 04:58:19,0,124933,78933,6960,4965,46174,73794,352,0,32,730,6201,0,163,30489,1781121,3833,4,4
2026-04-08 04:58:20,0,124933,79085,6960,4965,46174,73794,352,0,32,732,6205,0,163,30489,1781121,3833,4,4
2026-04-08 04:58:21,0,124933,79245,6960,4965,46174,73794,352,0,32,734,6209,0,163,30479,1781121,3833,4,4
2026-04-08 04:58:22,0,124933,79397,6960,4965,46174,73794,352,0,32,736,6213,0,163,30479,1781121,3833,4,4
2026-04-08 04:58:23,0,124933,79557,6960,4965,46174,73794,352,0,32,739,6219,0,163,30479,1781121,3833,4,4
2026-04-08 04:58:25,0,124933,79709,6960,4965,46174,73794,352,0,32,741,6223,0,163,30479,1781121,3833,4,4
2026-04-08 04:58:26,0,124933,79869,6960,4965,46174,73794,352,0,32,743,6227,0,163,30469,1781121,3833,4,4
2026-04-08 04:58:27,0,124933,80021,6960,4965,46174,73794,352,0,32,745,6231,0,163,30469,1781121,3833,4,4
2026-04-08 04:58:28,0,124933,80181,6960,4965,46174,73794,352,0,32,747,6235,0,163,30469,1781121,3833,4,4
2026-04-08 04:58:29,0,124933,80333,6960,4965,46174,73794,352,0,32,749,6239,0,163,30469,1781121,3833,4,4
2026-04-08 04:58:30,0,124933,80493,6960,4965,46174,73794,352,0,32,751,6243,0,163,30469,1781121,3833,4,4
2026-04-08 04:58:31,0,124933,80645,6960,4965,46174,73794,352,0,32,754,6249,0,163,30459,1781121,3833,4,4
2026-04-08 04:58:32,0,124933,80805,6960,4965,46174,73794,352,0,32,756,6253,0,163,30459,1781121,3833,4,4
2026-04-08 04:58:33,0,124933,80957,6960,4965,46174,73794,352,0,32,758,6257,0,163,30459,1781121,3833,4,4
2026-04-08 04:58:34,0,124933,81109,6960,4965,46174,73794,352,0,32,760,6261,0,163,30459,1781121,3833,4,4
2026-04-08 04:58:35,0,124933,81269,6960,4965,46174,73794,352,0,32,762,6265,0,163,30459,1781121,3833,4,4
2026-04-08 04:58:37,0,124933,81421,6960,4965,46174,73794,352,0,32,764,6269,0,163,30449,1781121,3833,4,4
2026-04-08 04:58:38,0,124933,81581,6960,4965,46174,73794,352,0,32,766,6273,0,163,30449,1781121,3833,4,4
2026-04-08 04:58:39,0,124933,81733,6960,4965,46174,73794,352,0,32,768,6277,0,163,30449,1781121,3833,4,4
2026-04-08 04:58:40,0,124933,81893,6960,4965,46174,73794,352,0,32,771,6283,0,163,30449,1781121,3833,4,4
2026-04-08 04:58:41,0,124933,82045,6960,4965,46174,73794,352,0,32,773,6287,0,163,30439,1781121,3833,4,4
2026-04-08 04:58:42,0,124933,82205,6960,4965,46174,73794,352,0,32,775,6291,0,163,30439,1781121,3833,4,4
2026-04-08 04:58:43,0,124933,82357,6960,4965,46174,73794,352,0,32,777,6295,0,163,30439,1781121,3833,4,4
2026-04-08 04:58:44,0,124933,82517,6960,4965,46174,73794,352,0,32,779,6299,0,163,30439,1781121,3833,4,4
2026-04-08 04:58:45,0,124933,82669,6960,4965,46174,73794,352,0,32,781,6303,0,163,30439,1781121,3833,4,4
2026-04-08 04:58:46,0,124933,82829,6960,4965,46174,73794,352,0,32,783,6307,0,163,30429,1781121,3833,4,4
2026-04-08 04:58:47,0,124933,82981,6960,4965,46174,73794,352,0,32,785,6311,0,163,30429,1781121,3833,4,4
2026-04-08 04:58:49,0,124933,83141,6960,4965,46174,73794,352,0,32,788,6317,0,163,30430,1781240,3833,4,4
2026-04-08 04:58:50,0,124933,83301,6960,4965,46174,73794,352,0,32,790,6321,0,163,30430,1781240,3833,4,4
2026-04-08 04:58:51,0,124933,83453,6960,4965,46174,73794,352,0,32,792,6325,0,163,30430,1781240,3833,4,4
2026-04-08 04:58:52,0,124933,83605,6960,4965,46174,73794,352,0,32,794,6329,0,163,30420,1781240,3833,4,4
2026-04-08 04:58:53,0,124933,83765,6960,4965,46174,73794,352,0,32,796,6333,0,163,30420,1781240,3833,4,4
2026-04-08 04:58:54,0,124933,83917,6960,4965,46174,73794,352,0,32,798,6337,0,163,30420,1781240,3833,4,4
2026-04-08 04:58:55,0,124933,84077,6960,4965,46174,73794,352,0,32,800,6341,0,163,30420,1781240,3833,4,4
2026-04-08 04:58:56,0,124933,84229,6960,4965,46174,73794,352,0,32,803,6347,0,163,30410,1781240,3833,4,4
2026-04-08 04:58:57,0,124933,84389,6960,4965,46174,73794,352,0,32,805,6351,0,163,30410,1781240,3833,4,4
2026-04-08 04:58:58,0,124933,84541,6960,4965,46174,73794,352,0,32,807,6355,0,163,30410,1781240,3833,4,4
2026-04-08 04:58:59,0,124933,84701,6960,4965,46174,73794,352,0,32,809,6359,0,163,30410,1781240,3833,4,4
2026-04-08 04:59:01,0,124933,84853,6960,4965,46174,73794,352,0,32,811,6363,0,163,30410,1781240,3833,4,4
2026-04-08 04:59:02,0,124933,85013,6960,4965,46174,73794,352,0,32,813,6367,0,163,30400,1781240,3833,4,4
2026-04-08 04:59:03,0,124933,85165,6960,4965,46174,73794,352,0,32,815,6371,0,163,30400,1781240,3833,4,4
2026-04-08 04:59:04,0,124933,85325,6960,4965,46174,73794,352,0,32,817,6375,0,163,30400,1781240,3833,4,4
2026-04-08 04:59:05,0,124933,85477,6960,4965,46174,73794,352,0,32,820,6381,0,163,30400,1781240,3833,4,4
2026-04-08 04:59:06,0,124933,85629,6960,4965,46174,73794,352,0,32,822,6385,0,163,30400,1781240,3833,4,4
2026-04-08 04:59:07,0,124933,85789,6960,4965,46174,73794,352,0,32,824,6389,0,163,30390,1781240,3833,4,4
2026-04-08 04:59:08,0,124933,85941,6960,4965,46174,73794,352,0,32,826,6393,0,163,30390,1781240,3833,4,4
2026-04-08 04:59:09,0,124933,86101,6960,4965,46174,73794,352,0,32,828,6397,0,163,30390,1781240,3833,4,4
